{
	"info": {
		"_postman_id": "fec0478e-24b6-4a99-aef8-f677ee9dea4a",
		"name": "home_banking",
		"schema": "https://schema.getpostman.com/json/collection/v2.1.0/collection.json"
	},
	"item": [
		{
			"name": "register user",
			"request": {
				"method": "POST",
				"header": [],
				"body": {
					"mode": "raw",
					"raw": "{\n    \"name\": \"Pedro\",\n    \"lastname\": \"Ramirez\",\n    \"identification\": 726372,\n    \"password\": \"123456789\",\n    \"rol\": \"admin\"\n}",
					"options": {
						"raw": {
							"language": "json"
						}
					}
				},
				"url": {
					"raw": "http://localhost:3000/register",
					"protocol": "http",
					"host": [
						"localhost"
					],
					"port": "3000",
					"path": [
						"register"
					]
				}
			},
			"response": []
		},
		{
			"name": "login user",
			"request": {
				"method": "POST",
				"header": [],
				"body": {
					"mode": "raw",
					"raw": "{\n    \"identification\":726372,\n    \"password\":\"123456789\"\n}",
					"options": {
						"raw": {
							"language": "json"
						}
					}
				},
				"url": {
					"raw": "http://localhost:3000/login",
					"protocol": "http",
					"host": [
						"localhost"
					],
					"port": "3000",
					"path": [
						"login"
					]
				}
			},
			"response": []
		}
	],
	"protocolProfileBehavior": {}
}